grp3betas,grp3cols
-285.57585836928314,race_detailed_1_8.0
-223.63589349829633,sex_1.0
223.6358868369164,sex_2.0
