grp1betas,grp1cols
4582.1452768966055,field_of_degree_24
3506.7434449093607,field_of_degree_62
3025.3137271144774,field_of_degree_36
2550.9274067815963,field_of_degree_55
2370.3705758360147,field_of_degree_21
-1601.875733013545,field_of_degree_nan
1351.018776244861,field_of_degree_50
1339.5927214813719,field_of_degree_37
-801.5727990294071,field_of_degree_23
